{"count":1,"self":160.6550144,"total":160.917653,"children":{"InitializeActuators":{"count":1,"self":0.00079999999999999993,"total":0.00079999999999999993,"children":null},"InitializeSensors":{"count":1,"self":0.00070199999999999993,"total":0.00070199999999999993,"children":null},"AgentSendState":{"count":19,"self":0.001911,"total":0.040371,"children":{"CollectObservations":{"count":19,"self":0.018085999999999998,"total":0.018085999999999998,"children":null},"WriteActionMask":{"count":19,"self":0.00029299999999999997,"total":0.00029299999999999997,"children":null},"RequestDecision":{"count":19,"self":0.020080999999999998,"total":0.020080999999999998,"children":null}}},"DecideAction":{"count":19,"self":0.19705399999999998,"total":0.19705399999999998,"children":null},"AgentAct":{"count":19,"self":0.023400999999999998,"total":0.023400999999999998,"children":null}},"gauges":{"RubiksCubeAgent.CumulativeReward":{"count":1,"max":52,"min":52,"runningAverage":52,"value":52,"weightedAverage":52}},"metadata":{"timer_format_version":"0.1.0","start_time_seconds":"1703973952","unity_version":"2023.1.9f1","command_line_arguments":"\/Applications\/Unity\/Hub\/Editor\/2023.1.9f1\/Unity.app\/Contents\/MacOS\/Unity -projectpath \/Users\/aditya\/RubiksCubeSolver -useHub -hubIPC -cloudEnvironment production -licensingIpc LicenseClient-aditya -hubSessionId 711f414a-e6ac-48b7-bf2f-d3f744260e19 -accessToken dnYahzmPrbjAtaP6PYMFOIjLSxkm2Lafxpx6ZeA0zG8002f","communication_protocol_version":"1.5.0","com.unity.ml-agents_version":"2.0.1","scene_name":"SampleScene","end_time_seconds":"1703974112"}}